CITY_NAME,COUNTRY,POP,CAP,LONGITUDE,LATITUDE
Murmansk,Russia,468000,N,33.0860405,68.96354675
Arkhangelsk,Russia,416000,N,40.64616013,64.52066803
Saint Petersburg,Russia,5825000,N,30.45332718,59.95188904
Magadan,Russia,152000,N,150.780014,59.57099915
Perm',Russia,1160000,N,56.23246384,58.00023651
Yekaterinburg,Russia,1620000,N,60.61013031,56.84654236
Nizhniy Novgorod,Russia,2025000,N,43.94067001,56.28967667
Glasgow,UK,1800000,N,-4.269947529,55.86280823
Kazan',Russia,1140000,N,49.14546585,55.73300552
Chelyabinsk,Russia,1325000,N,61.39261246,55.14500046
Omsk,Russia,1175000,N,73.25028992,55.0633049
Novosibirsk,Russia,1600000,N,82.94284821,55.03210068
Ufa,Russia,1100000,N,56.09612656,54.82173538
Vilnius,Lithuania,582000,Y,25.27596664,54.68856812
Belfast,UK,685000,N,-5.909660339,54.58692551
Gdansk,Poland,909000,N,18.62494278,54.36620331
Minsk,Byelarus,1650000,Y,27.57556725,53.89993668
Leeds,UK,1540000,N,-1.49752748,53.80871201
Hamburg,Germany,2225000,N,10.02760601,53.57112122
Manchester,UK,2775000,N,-2.261778593,53.47966385
Sheffield,UK,710000,N,-1.462989211,53.37404251
Dublin,Ireland,1140000,Y,-6.25734663,53.34156036
Samara,Russia,1505000,N,50.09617996,53.13859558
Bremen,Germany,800000,N,8.857625961,53.08010483
Berlin,Germany,5061248,Y,13.32757282,52.5162735
Birmingham,UK,2675000,N,-1.863347769,52.49275208
Amsterdam,Netherlands,1860000,N,4.894833088,52.37304306
Irkutsk,Russia,626000,N,104.2478333,52.3174324
Warsaw,Poland,2323000,Y,21.01187897,52.24494553
Rotterdam,Netherlands,1110000,N,4.485152245,51.92559433
Lodz,Poland,1061000,N,19.47644043,51.77790833
Dortmund,Germany,568164,N,7.466418266,51.51381302
Duisburg,Germany,514628,N,6.775304317,51.48933792
London,UK,11100000,Y,-0.177998126,51.48791122
Essen,Germany,3867000,N,7.122435093,51.35404205
Leipzig,Germany,700000,N,12.39807415,51.3493309
Antwerpen,Belgium,1100000,N,4.426054478,51.20734787
Wroclaw,Poland,640200,N,17.0381279,51.12181854
Gent,Belgium,465000,N,3.73629117,51.04755402
Dresden,Germany,670000,N,13.70535755,51.045681
Calgary,Canada,671326,N,-114.0500031,51.02999878
Koln,Germany,1760000,N,6.934871674,50.94234467
Bruxelles,Belgium,2385000,Y,4.367612362,50.83704758
Bonn,Germany,570000,N,7.099818707,50.73455811
Lille,France,1020000,N,3.062901258,50.63208389
Liege,Belgium,750000,N,5.569435596,50.62252808
Kiev,Ukraine,2900000,Y,30.50211143,50.44815826
Frankfurt am Main,Germany,1855000,N,8.668167114,50.12999725
Praha,Czech Repub,1325000,Y,14.45652008,50.105896
Krakow,Poland,828000,N,19.94505692,50.0622406
Winnipeg,Canada,625304,N,-97.12444305,49.92116928
Karaganda,Kazakhstan,614000,N,73.20263672,49.87920761
Lvov,Ukraine,790000,N,24.0345211,49.83731079
Brno,Czech Repub,450000,N,16.61624527,49.20298004
Paris,France,9775000,Y,2.432832718,48.88155365
Volgograd,Russia,1360000,N,44.48363113,48.71024704
Strasbourg,France,400000,N,7.767994404,48.58343506
Linz,Austria,335000,N,14.29390144,48.29759598
Vienna,Austria,1875000,Y,16.32098579,48.20211792
Munchen,Germany,1955000,N,11.54295349,48.14097595
Donets'k,Ukraine,2200000,N,37.73705292,48.04014587
Ulaanbaatar,Mongolia,548400,Y,106.9123535,47.9285965
Budapest,Hungary,2565000,Y,19.09424973,47.51462555
Qiqihar,China,1150000,N,123.9649658,47.34400558
Innsbruck,Austria,185000,N,11.34998226,47.26546097
Rostov-na-Donu,Russia,1165000,N,39.68803787,47.23209763
Nantes,France,464857,N,-1.561561227,47.21943283
Graz,Austria,325000,N,15.43110085,47.06492233
Bern,Switzerland,298800,Y,7.445736408,46.94820786
Quebec,Canada,603267,N,-71.24493408,46.80207443
Odessa,Ukraine,1185000,N,30.68393707,46.57220078
Harbin,China,2670000,N,126.6226349,45.75521851
Lyon,France,1275000,N,4.855400562,45.74708176
Montreal,Canada,2921357,N,-73.65353394,45.54101563
Milano,Italy,3750000,N,9.19046402,45.47338104
Venezia,Italy,420000,N,12.37071991,45.42477417
Ottawa,Canada,819263,Y,-75.65074921,45.37421799
Torino,Italy,1550000,N,7.666426182,45.07487488
Minneapolis,US,2012400,N,-93.30779266,44.92418671
Bordeaux,France,640012,N,-0.599498749,44.84147263
Beograd,Serbia,1400000,Y,20.41255569,44.79968262
Bucuresti,Romania,2250000,Y,26.1229763,44.43048477
Changchung,China,1740000,N,125.3126526,43.88131714
Jilin,China,1170000,N,126.5670624,43.85021591
Urumqi,China,1040000,N,87.58651733,43.78266525
Firenze,Italy,640000,N,11.20774555,43.78157425
Toronto,Canada,3427168,N,-79.4126358,43.72076797
Toulouse,France,541271,N,1.437983036,43.59996033
Bilbao,Spain,985000,N,-2.973783255,43.2821579
Almaty,Kazakhstan,1190000,Y,76.91262817,43.2550621
Rochester,US,816200,N,-77.63561249,43.21046448
Milwaukee,US,1374700,N,-87.99073792,43.06794739
Sapporo,Japan,1900000,N,141.3454742,43.05525208
Buffalo,US,1483000,N,-78.84843445,42.89866257
Sofiya,Bulgaria,1205000,Y,23.33187103,42.70726395
Detroit,US,4691900,N,-83.07892609,42.39431381
Boston,US,3971700,N,-71.10258484,42.37529755
Fushun,China,1270000,N,123.905571,41.85915756
Chicago,US,7717100,N,-87.64130402,41.82654572
Shenyang,China,3840000,N,123.3830566,41.80216217
T'Bilisi,Georgia,1460000,Y,44.78312683,41.72180939
Zaragoza,Spain,575317,N,-0.878205061,41.65126419
Cleveland,US,2218400,N,-81.72750854,41.39071655
Tirane,Albania,210800,Y,19.83180428,41.33165359
Anshan,China,1300000,N,122.9770126,41.11524582
Istanbul,Turkey,5750000,N,29.00606918,41.06595612
Salt Lake City,US,682400,N,-111.8921738,40.69392014
Pittsburgh,US,2218800,N,-79.99708557,40.49720383
Madrid,Spain,4650000,Y,-3.690969467,40.44221878
Baku,Azerbaijan,2020000,Y,49.8162384,40.32429886
Yerevan,Armenia,1315000,Y,44.53266907,40.20802307
Columbus,US,963600,N,-82.9927063,40.0446434
Ankara,Turkey,2400000,Y,32.85327148,39.92932892
Philadelphia,US,5208600,N,-75.21822357,39.92755127
Beijing,China,6450000,Y,116.3880386,39.90619278
Erzurum,Turkey,246053,N,41.29182434,39.90445328
Samarkand,Uzbekistan,366000,N,66.94760132,39.65758133
Tangshan,China,1060000,N,118.1802139,39.61544418
Valencia,Spain,1270000,N,-0.367400944,39.47091675
Baltimore,US,1960400,N,-76.61837769,39.32188416
Cagliari,Italy,305000,N,9.108909607,39.22514343
Cincinnati,US,1480100,N,-84.47702026,39.14801025
Tianjin,China,4880000,N,117.1852264,39.12841415
Pyongyang,Korea D P Rp,1600000,Y,125.757515,39.02851486
Kansas City,US,1272400,N,-94.62656403,38.99411774
Washington D.C.,US,3221400,Y,-76.95383453,38.8909111
St. Louis,US,2203000,N,-90.34197998,38.6388855
Sacramento,US,866400,N,-121.4227066,38.5670166
Tabriz,Iran,971482,N,46.29011917,38.08097839
Shijiazhuang,China,1190000,N,114.5597076,38.07709503
Ashkhabad,Turkmenistan,398000,Y,58.3901329,37.95042038
Taiyuan,China,1660000,N,112.5517044,37.89305496
Seoul,Korea Rep,15850000,Y,126.9352493,37.54235077
Sevilla,Spain,945000,N,-5.970831871,37.37264633
Adana,Turkey,777554,N,35.32436371,36.99998093
Norfolk,US,795600,N,-76.26856995,36.87929153
Tunis,Tunisia,1225000,Y,10.16596031,36.81881332
Zibo,China,830000,N,118.0620422,36.79149628
Jinan,China,1460000,N,116.9670563,36.65553665
Mosul,Iraq,570926,N,43.13712692,36.33556747
Mashhad,Iran,1463508,N,59.59685135,36.29006958
Aleppo,Syria,1216000,N,37.15928268,36.21554565
Lanzhou,China,1270000,N,103.5995941,36.11343002
Taegu,Korea Rep,2206000,N,128.5913849,35.86353683
Tehran,Iran,6400000,Y,51.44765091,35.7744751
Tokyo,Japan,23620000,Y,139.8091888,35.68305588
Kawasaki,Japan,1088624,N,139.7272186,35.50457001
Oklahoma City,US,742000,N,-97.53029633,35.48958969
Yokohama,Japan,2992926,N,139.6196594,35.43738556
Charlotte,US,479200,N,-80.83568573,35.20581436
Pusan,Korea Rep,3800000,N,129.0546875,35.15786743
Nagoya,Japan,4800000,N,136.9205933,35.15492249
Memphis,US,852900,N,-90.00032806,35.11472702
Kyoto,Japan,1479218,N,135.7548218,35.00912857
Zhengzhou,China,1170000,N,113.641777,34.7576828
Homs,Syria,431000,N,36.71817398,34.73387527
Luoyang,China,740000,N,112.3612366,34.67134857
Osaka,Japan,15040000,N,135.5191193,34.63552856
Kabul,Afghanistan,1179000,Y,69.1367569,34.53090668
Hiroshima,Japan,1575000,N,132.4447784,34.37755585
Xian,China,2050000,N,108.8833618,34.26569748
Fes,Morocco,535000,N,-4.995547771,34.04356766
Atlanta,US,1962500,N,-84.34922791,33.79570007
Islamabad,Pakistan,204364,Y,73.06054688,33.71815109
Rawalpindi,Pakistan,836000,N,73.04374695,33.60580444
Damascus,Syria,1850000,Y,36.31345367,33.51930237
Phoenix,US,1482400,N,-112.11026,33.50902176
Baghdad,Iraq,3841268,Y,44.39783478,33.33403778
Dallas,US,2727300,N,-96.66368866,32.7637291
Esfahan,Iran,986753,N,51.67918777,32.65139008
Nanjing,China,2290000,N,118.7689056,32.04836655
Amman,Jordan,1250000,Y,35.9329071,31.94938278
Amritsar,India,594844,N,74.87155151,31.63088989
Lahore,Pakistan,3025000,N,74.34067535,31.54505348
Faisalabad,Pakistan,1104209,N,73.08345795,31.40895081
Shanghai,China,9300000,N,121.4726563,31.24786949
Chengdu,China,1810000,N,104.0712738,30.67006874
Wuhan,China,3490000,N,114.2792206,30.57249832
Al Basra,Iraq,616700,N,47.76086426,30.50349045
Hangzhou,China,1270000,N,120.1650772,30.25262451
Cairo,Egypt,9300000,Y,31.25079727,30.07791138
New Orleans,US,1185000,N,-90.09868622,29.95637894
Houston,US,2755100,N,-95.40711212,29.77182961
Lhasa,China,84400,N,91.13208771,29.65070343
Chongqing,China,2450000,N,106.5226898,29.54410362
San Antonio,US,968200,N,-98.52457428,29.4299221
Nanchang,China,1030000,N,115.8894119,28.67123985
New Delhi,India,273036,Y,77.2167511,28.56872559
Delhi,India,7200000,N,77.22437286,28.52645874
Changsha,China,1190000,N,112.968483,28.19764137
Kathmandu,Nepal,320000,Y,85.31295013,27.71201706
Thimbu,Bhutan,12000,Y,89.66732788,27.44260597
Jaipur,India,1025000,N,75.80127716,26.90511322
Lucknow,India,1060000,N,80.91972351,26.84942818
Guiyang,China,1010000,N,106.7003021,26.57194138
Kanpur,India,1875000,N,80.31786346,26.45783043
Fuzhou,China,890000,N,119.3035202,26.07101631
Miami,US,2827300,N,-80.2702179,25.83213043
Monterrey,Mexico,2015000,N,-100.3170853,25.67735291
Patna,India,1025000,N,85.13534546,25.61389732
Hyderabad,Pakistan,800000,N,68.36647034,25.38018608
Benares,India,925000,N,82.95633698,25.28201103
Doha,Qatar,310000,Y,51.49723434,25.20364189
Kunming,China,1280000,N,102.7021255,25.05103302
Taipei,Taiwan,6130000,Y,121.5067291,25.0350914
T`ai-chung,Taiwan,715107,N,120.6702805,24.14364243
Dhaka,Bangladesh,3430312,Y,90.40714264,23.70991898
Guangzhou,China,3050000,N,113.2936096,23.09619522
Ahmadabad,India,2400000,N,72.56686401,23.03979111
Khulna,Bangladesh,648359,N,89.5582428,22.84264755
Calcutta,India,11100000,N,88.33422089,22.54353714
Tampico,Mexico,435000,N,-97.84262848,22.24323463
Mandalay,Burma,532895,N,96.08415222,21.97594452
Mecca,Saudi Arabia,550000,N,39.81483841,21.42738152
Nagpur,India,1302066,N,79.08911133,21.1557579
Hanoi,Vietnam,1500000,Y,105.8199081,21.03194809
Haiphong,Vietnam,385210,N,106.6797943,20.86135864
Merida,Mexico,400142,N,-89.55286407,20.8218689
Guadalajara,Mexico,2325000,N,-103.3437958,20.67359161
Bur Sudan,Sudan,206727,N,37.21968842,19.61571312
Mexico City,Mexico,14100000,Y,-99.12757111,19.42704582
Puebla de Zaragoza,Mexico,1055000,N,-98.19294739,19.04863167
Pune,India,1775000,N,73.85227203,18.53574753
Port-au-Prince,Haiti,880000,Y,-72.34310913,18.52661705
San Juan,Puerto Rico,1775260,Y,-66.08175659,18.40061569
Kingston,Jamaica,770000,Y,-76.79730225,18.01571274
Hyderabad,India,2750000,N,78.48503113,17.39454651
Rangoon,Burma,2800000,Y,96.12489319,16.8722229
Sanaa,Yemen,427150,Y,44.20950317,15.36144447
Guatemala,Guatemala,1400000,Y,-90.52490234,14.61800766
Tegucigalpa,Honduras,551606,Y,-87.20309448,14.09905052
Bangkok,Thailand,6450000,Y,100.5526657,13.74557114
San Salvador,El Salvador,920000,Y,-89.20023346,13.7014122
Niamey,Niger,398265,Y,2.083449841,13.60454369
Madras,India,4475000,N,80.24782562,13.06150341
Bangalore,India,2950000,N,77.58773041,12.97475052
Bamako,Mali,646163,Y,-7.986481667,12.65295029
Managua,Nicaragua,682000,Y,-86.27303314,12.15147305
Phnom Penh,Cambodia,700000,Y,104.9131927,11.56473637
Ho Chi Minh City,Vietnam,3100000,N,106.6624527,10.75918198
Maracaibo,Venezuela,890643,N,-71.637146,10.64504337
Caracas,Venezuela,3600000,Y,-66.89828491,10.49604893
Barquisimeto,Venezuela,497635,N,-69.33919525,10.06566525
San Jose,Costa Rica,670000,Y,-84.07861328,9.930476189
Madurai,India,960000,N,78.12172699,9.913986206
Ibadan,Nigeria,1144000,N,3.895278454,7.378840446
Davao,Philippines,408775,N,125.613678,7.080080032
Enugu,Nigeria,252500,N,7.492080212,6.450538635
Medellin,Colombia,2095000,N,-75.59203339,6.241146564
Accra,Ghana,1250000,Y,-0.200923637,5.558562756
Abidjan,Ivory Coast,1950000,Y,-4.021886826,5.324857235
Bogota,Colombia,4260000,Y,-74.080513,4.630219936
Bangui,Cent Af Rep,473817,Y,18.56234169,4.365856171
Yaounde,Cameroon,653670,Y,11.51364136,3.865123034
Medan,Indonesia,1373747,N,98.67559814,3.585242033
Cali,Colombia,1400000,N,-76.52243805,3.456855297
Kuala Lumpur,Malaysia,1475000,Y,101.7076721,3.150210381
Muqdisho,Somalia,600000,Y,45.34414291,2.041177511
Kisangani,Zaire,282650,N,25.19614792,0.519284904
Quito,Ecuador,1050000,Y,-78.52428436,-0.229498133
Iquitos,Peru,178738,N,-73.19149017,-3.752895355
Fortaleza,Brazil,1825000,N,-38.58890152,-3.783321857
Brazzaville,Congo,585812,Y,15.28514862,-4.285186768
Kananga,Zaire,290898,N,22.40277863,-5.89221096
Dar es Salaam,Tanzania,1300000,Y,39.2533493,-6.817358971
Bandung,Indonesia,1800000,N,107.6069031,-6.912430286
Recife,Brazil,2625000,N,-34.91463852,-8.085167885
Benguela,Angola,155000,N,13.46487999,-12.71773529
Brasilia,Brazil,1567709,Y,-47.89774704,-15.79210949
Arequipa,Peru,446942,N,-71.52274323,-16.39753914
La Paz,Bolivia,992592,Y,-68.14624786,-16.49900627
Goiania,Brazil,990000,N,-49.25481033,-16.72669983
Santa Cruz de La Sierra,Bolivia,441717,N,-63.19741821,-17.78879166
Sucre,Bolivia,86609,N,-65.25588226,-19.04213524
Belo Horizonte,Brazil,2950000,N,-43.90906906,-19.85172081
Rio de Janeiro,Brazil,10150000,N,-43.45517731,-22.72157288
Sao Paulo,Brazil,15175000,N,-46.6228981,-23.58130455
Santos,Brazil,1065000,N,-46.30949402,-23.95470047
Gaborone,Botswana,95163,Y,25.79480171,-24.6614418
Curitiba,Brazil,1700000,N,-49.28450775,-25.43047905
Pretoria,South Africa,960000,Y,28.21837234,-25.73134613
Maputo,Mozambique,1069727,Y,32.57369232,-25.96215439
Johannesburg,South Africa,3650000,N,28.0043087,-26.17895699
Brisbane,Australia,1149401,N,153.0264893,-27.45391273
Durban,South Africa,1550000,N,30.94218826,-29.83637238
Porto Alegre,Brazil,2600000,N,-51.20798874,-30.03953362
Cordoba,Argentina,1070000,N,-64.17985535,-31.31627846
Santa Fe,Argentina,292165,N,-60.69784164,-31.61689758
Mendoza,Argentina,650000,N,-68.8297348,-32.89743805
Rosario,Argentina,1045000,N,-60.66394043,-32.93773651
Santiago,Chile,4100000,Y,-70.64751434,-33.47502518
Port Elizabeth,South Africa,690000,N,25.48429871,-33.88157654
Sydney,Australia,3364858,N,151.0281982,-33.88977432
Buenos Aires,Argentina,10750000,Y,-58.40959167,-34.66540146
Canberra,Australia,271362,Y,149.041626,-35.34992599
Auckland,New Zealand,850000,N,174.8010559,-36.89325333
Melbourne,Australia,2832893,N,145.0751038,-37.85295868
Bahia Blanca,Argentina,223818,N,-62.27406693,-38.72527313
Christchurch,New Zealand,320000,N,172.6836548,-43.54891586
Helsinki,Finland,900000,Y,24.97669983,60.19642258
Sfax,Tunisia,310000,N,10.75925827,34.74523163
Kobe,Japan,1410834,N,135.181839,34.66384125
Jerusalem,Israel,490000,N,35.22521973,31.77374649
Valencia,Venezuela,616224,N,-68.00311279,10.17822075
Guayaquil,Ecuador,1255000,N,-79.90939331,-2.203816175
San Francisco,US,4053800,N,-122.308815,37.72751236
Edinburgh,UK,630000,N,-3.298783302,55.87525177
Trieste,Italy,239031,N,13.93283749,45.70028305
Fukuoka,Japan,1750000,N,130.3171844,33.30990601
Kita Kyushu,Japan,1525000,N,130.7974548,33.68186569
N'Djamena,Chad,303000,Y,15.24082375,12.10413933
Tripoli,Libya,990697,Y,13.21182251,32.75161743
Izmir,Turkey,1550000,N,27.20576859,38.43891907
Kinshasa,Zaire,3000000,Y,15.46929359,-4.388674736
Adelaide,Australia,977721,N,138.8706818,-34.91853714
Jakarta,Indonesia,8600000,Y,106.7624664,-6.293904305
Semarang,Indonesia,1024940,N,110.4442596,-7.027844429
Callao,Peru,264133,N,-76.83563232,-12.04354
Belem,Brazil,1200000,N,-48.31627655,-1.605329037
Qingdao,China,1270000,N,120.4341278,36.14835358
Vientiane,Laos,377409,Y,102.6802368,18.00173187
Salzburg,Austria,220000,N,13.09089851,47.80117035
Zagreb,Croatia,697925,Y,15.96438599,45.8070755
Bujumbura,Burundi,273000,Y,29.5335865,-3.269083738
Nicosia,Cyprus,185000,Y,33.38516235,35.16506958
Kigali,Rwanda,181600,Y,29.9914856,-2.117935181
Ljubljana,Slovenia,233200,Y,14.6396122,46.06830215
Maseru,Lesotho,109382,Y,27.89038849,-29.25671005
Luxembourg,Luxembourg,133000,Y,6.273255825,49.74040604
The Hague,Netherlands,770000,Y,4.300624371,51.90362167
Bratislava,Slovakia,435499,Y,17.26980591,48.27450943
Saskatoon,Canada,200665,N,-106.6299973,52.11000061
Regina,Canada,186521,N,-104.6500015,50.40999985
El Paso,US,1037700,N,-106.4499969,31.78000069
Jacksonville,US,635900,N,-81.66000366,30.32999992
Moosonee,Canada,-99,N,-80.73000336,51.33000183
Schefferville,Canada,1997,N,-67.01000214,54.86000061
Goose Bay,Canada,-99,N,-60.54999924,53.31000137
Porto Velho,Brazil,202011,N,-63.90000153,-8.75
Cuzco,Peru,184550,N,-71.86000061,-13.60000038
Cuiaba,Brazil,279651,N,-56.04999924,-15.55000019
Resistencia,Argentina,220104,N,-58.90000153,-27.39999962
Tombouctoo,Mali,31925,N,-3.00999999,16.76000023
Maiduguri,Niger,255100,N,13.26000023,11.88000011
Matadi,Zaire,144742,N,13.44999981,-5.809999943
Huambo,Angola,203000,N,15.77999973,-12.72999954
Kimberley,South Africa,145000,N,24.82999992,-28.65999985
East London,South Africa,320000,N,27.89999962,-33.02999878
Kahemba,Zaire,-99,N,19,-7.329999924
Dodoma,Tanzania,54000,N,35.75,-6.179999828
Narvik,Norway,19080,N,17.29999924,68.34999847
Herat,Afghanistan,160000,N,62.20999908,34.45999908
Druzba,Russia,-99,N,37.75,55.88000107
Kashi,China,146300,N,76,39.47999954
Chingmei,Taiwan,-99,N,121.5299988,24.97999954
Hue,Vietnam,165710,N,107.6999969,16.45999908
Kuching,Malaysia,72555,N,110.4300003,1.5
Balikpapan,Indonesia,208040,N,116.8600006,-1.210000038
Chatanga,Russia,-99,N,110.75,50.33000183
Chita,Russia,-99,N,113.5800018,52.04999924
Verkhoyvensk,Russia,-99,N,133.4100037,67.58000183
Yakutsk,Russia,187000,N,129.8300018,62.00999832
Okhotsk,Russia,-99,N,143.25,59.33000183
Nikolayevsk,Russia,-99,N,45.52999878,50.08000183
Yuzhno-Sakhalinsk,Russia,-99,N,142.75,46.95999908
Alice Springs,Australia,-99,N,133.9299927,-23.62999916
Cairns,Australia,39096,N,145.7100067,-16.85000038
Townsville,Australia,106416,N,146.8300018,-19.29999924
Rockhampton,Australia,59056,N,150.4799957,-23.43000031
Newcastle,Australia,405089,N,151.9100037,-33
Hobart,Australia,175082,N,147.5,-43
Dunedin,New Zealand,109000,N,170.5,-45.86000061
Victoria,Canada,255547,N,-123.5691071,48.65456772
Porto Novo,Benin,164000,Y,2.632502794,6.601096153
Douala,Cameroon,1029731,N,9.706374168,4.136650085
Vjuag Padang,Indonesia,708465,N,119.7227936,-5.190430164
Ambon,Indonesia,111914,N,129.3129272,-3.386553288
Inch`on,Korea Rep,1604000,N,126.7674408,37.58945084
Dalian,China,1680000,N,121.5981979,39.03171539
Portland,US,1227200,N,-122.6416779,45.44213104
Manaus,Brazil,809914,N,-60.01461792,-3.122304916
Santarem,Brazil,226618,N,-54.61000061,-2.460000038
Invercargill,New Zealand,52807,N,168.4499969,-46.40999985
Mtwara,Tanzania,48510,N,40.18000031,-10.26000023
Toamasina,Madagascar,100000,N,49.40999985,-18.22999954
Bloemfontein,South Africa,235000,N,26.26000023,-29.14999962
Bulawayo,Zimbabwe,413814,N,28.70999908,-20.20000076
Livingstone,Zambia,61296,N,25.87999916,-17.82999992
Al Madinah,Saudi Arabia,290000,N,39.70000076,24.43000031
Wadi Halfa,Sudan,-99,N,31.28000069,21.76000023
Aswan,Egypt,191461,N,32.95000076,24.07999992
Murzuq,Libya,-99,N,13.90999985,25.90999985
Tindouf,Algeria,-99,N,-8.159999847,27.70000076
Agadez,Niger,50164,N,7.980000019,16.95999908
El Obeid,Sudan,140000,N,30.15999985,13.18000031
Mbandaka,Zaire,125263,N,18.45999908,0.050000001
Whitehorse,Canada,15199,N,-135.0099945,60.65000153
Punte Arenas,Chile,95332,N,-70.80000305,-53.15000153
Puerto Montt,Chile,84410,N,-73,-41.47999954
Rio Gallegos,Argentina,-99,N,-69.41000366,-51.70999908
Comodoro Rivadavia,Argentina,96817,N,-67.5,-45.83000183
Suez,Egypt,326820,N,32.56000137,29.95999908
Alexandria,Egypt,3350000,N,29.97780991,31.07460403
Mocambique,Mozambique,-99,N,40.70000076,-15.05000019
Bombay,India,9950000,N,73.17234802,19.04534721
Algiers,Algeria,2547983,Y,2.993693113,36.59649277
Kharkov,Ukraine,1940000,N,36.20831299,49.98967361
Dnepropetrovsk,Ukraine,1600000,N,35.13789368,48.42288971
Tallinn,Estonia,482000,Y,24.75205612,59.27757263
Uliastay,Mongolia,-99,N,97,47.81000137
Santo Domingo,Dominican Rp,1313172,Y,-69.91049194,18.49972916
Bandar Seri Begawan,Brunei,64000,Y,114.9670029,4.933000088
Banjul,Gambia,95000,Y,-16.49461555,13.44527245
Port of Spain,Trinidad,370000,Y,-61.49006271,10.63973427
Acapulco,Mexico,301902,N,-99.93149567,16.97438622
Anadyr,Russia,-99,N,177.130188,64.40016174
Angmagssalik,Greenland,2618,N,-37.31186676,65.66999817
Antofagasta,Chile,185486,N,-70.22544861,-23.8325367
Aomori,Japan,294045,N,140.6699982,40.75
Banghazi,Libya,435886,N,20.30867577,32.04305267
Birdum,Australia,-99,N,133.2200012,-15.75
Boa Vista,Brazil,-99,N,-60.5,2.75
Chiclayo,Peru,279527,N,-79.83000183,-6.619999886
Chimbote,Peru,223341,N,-78.45314789,-8.930100441
Churchill,Canada,1304,N,-94.18000031,58.71076584
Cochin,India,685836,N,76.52178192,9.987988472
Concepcion,Chile,675000,N,-72.85163879,-36.88329697
Coquimbo,Chile,62186,N,-71.01999664,-31
Darwin,Australia,72937,N,130.9945526,-12.70149994
Djibouti,Djibouti,120000,Y,43.09999847,11.5
Fremantle,Australia,22484,N,115.9345703,-32.04416656
George Town,Malaysia,495000,N,100.547142,5.349999905
Godhavn,Greenland,1012,N,-53.63000107,69.38314056
Godthab,Greenland,12426,Y,-51.58000183,64.27118683
Halifax,Canada,295990,N,-63.58000183,44.63000107
Hammerfest,Norway,7208,N,23.90634155,70.3913269
Igarka,Russia,-99,N,86.55000305,67.34999847
In Salah,Algeria,18800,N,2.529999971,27.20000076
Inuvik,Canada,-99,N,-133.6699982,68.26999664
Kigoma,Tanzania,50044,N,30,-4.949999809
Kotlas,Russia,69000,N,47,61.15000153
Laayoune,W Sahara,93875,N,-13.18000031,27
Manado,Indonesia,217091,N,124.8842392,1.420086145
Mangalore,India,306078,N,75.16088104,12.94999981
Marrakech,Morocco,535000,N,-8,31.14999962
Mbabne,Swaziland,38290,Y,31.19129753,-26.30338097
Nagasaki,Japan,449382,N,129.8574677,32.88274765
Natal,Brazil,510106,N,-35.25,-5.78000021
Nelson,New Zealand,33304,N,173.2700043,-41.29999924
Nome,US,3500,N,-165.2700043,64.58628082
Noril`sk,Russia,174000,N,88.09999847,69.33000183
Nouadnibou,Mauritania,21961,N,-16.82564735,20.89999962
Novokuznetsk,Russia,600000,N,87.16999817,53.70000076
Olympia,US,97400,N,-122.8799973,46.91999817
Padang,Indonesia,296675,N,100.4750595,-0.917578816
Palembang,Indonesia,786607,N,104.8300018,-3
Patrai,Greece,154596,N,21.88316917,38.14123917
Petropavloski-Kamchatskiy,Russia,269000,N,158.7200012,53.20000076
Podgorica,Montenegro,82500,Y,19.39999962,42.5
Pointe Noire,Congo,294203,N,12.05809307,-4.638708115
Port Gentil,Gabon,124400,N,9.153344154,-0.819999993
Prince Rupert,Canada,16197,N,-130.0480804,54.42028046
Saint John,Canada,121265,N,-65.64994812,45.33813477
Saint Louis,Senegal,91485,N,-16.29783821,15.95121002
Salekhard,Russia,-99,N,66.58000183,66.56999969
Samsun,Turkey,240674,N,36.36999893,41.31999969
Sao Luis,Brazil,600000,N,-44.43005753,-2.5
Sarajevo,Bosnia/Herz,341200,Y,18.43000031,43.86999893
Scoresbyund,Greenland,-99,N,-22.99632263,70.52857208
Sept-Iles,Canada,29262,N,-66.40254211,50.282547
Seward,US,2699,N,-149.4499969,60.11999893
Skopje,Macedonia,444900,Y,21.53000069,42
Tamanrasset,Algeria,-99,N,5.550000191,22.82999992
Thule,Greenland,-99,N,-69,77.66999817
Tiksi,Russia,-99,N,128.75,71.69999695
Toliara,Madagascar,55000,N,44.01909256,-23.29015541
Trujillo,Peru,354301,N,-79,-7.929999828
Vishakhapatnam,India,603630,N,83.33000183,17.75
Vorkuta,Russia,116000,N,64.33000183,67.80000305
Yazd,Iran,230483,N,54.45000076,31.96999931
Zahedan,Iran,281923,N,60.83000183,29.60000038
Aden,Yemen,318000,N,45.18000031,12.86115932
Adis Abeba,Ethiopia,1500000,Y,38.70000076,9.029999733
Al Kuwayt,Kuwait,1375000,Y,48.0027771,29.19499016
Antananarivo,Madagascar,663000,Y,47.5,-18.87000084
Ar Riyad,Saudi Arabia,1250000,Y,46.77000046,24.64999962
Asmara,Eritrea,275385,Y,38.97000122,15.32999992
Asuncion,Paraguay,700000,Y,-57.66999817,-25.21999931
Athinai,Greece,3027331,Y,23.65486336,38.1216011
Baotou,China,1120000,N,109.9800034,40.65000153
Barcelona,Spain,4040000,N,2.170000076,41.52999878
Barranquilla,Colombia,1140000,N,-74.68000031,11.01429462
Beira,Mozambique,291604,N,35.02317047,-19.76928329
Beirut,Lebanon,1675000,Y,35.65794373,33.77999878
Belmopan,Belize,4500,Y,-88.80000305,17.12000084
Bergen,Norway,239000,N,5.49067831,60.34999847
Bissau,GuineaBissau,109486,Y,-15.64999962,11.91098976
Cape Town,South Africa,1790000,N,18.69043159,-33.80400848
Cardiff,UK,625000,N,-3.150000095,51.5
Casablanca,Morocco,2475000,N,-7.534091949,33.54441071
Cayenne,Fr Guiana,38091,Y,-52.40000153,4.920000076
Chittagong,Bangladesh,1391877,N,91.83279419,22.47999954
Colombo,Sri Lanka,2050000,Y,80.08833313,7.019999981
Conakry,Guinea,800000,Y,-12.80000019,9.520000458
Dakar,Senegal,1428084,Y,-16.84809494,14.63000011
Denver,US,1405300,N,-105.0699997,39.75
Dushanfe,Tajikistan,595000,Y,68.90000153,38.63000107
Edmonton,Canada,785465,N,-113.2699966,53.56999969
El-Giza,Egypt,1870508,N,30.85000038,30.46999931
Freetown,Sierra Leone,525000,Y,-12.91027641,8.382770538
Frunze,Kyrgyzstan,616000,Y,74.76999664,42.88000107
Genova,Italy,805000,N,8.92229557,44.45508957
Georgetown,Guyana,188000,Y,-58.16999817,6.769999981
Goteborg,Sweden,710894,N,12,57.75
Harare,Zimbabwe,890000,Y,31.02000046,-17.82999992
Havana,Cuba,2125000,Y,-82.4164505,23.0489521
Jiddah,Saudi Arabia,1300000,N,39.37330627,21.62000084
Kampala,Uganda,460000,Y,32.58000183,0.319999993
Kano,Nigeria,538300,N,8.520000458,11.92000008
Kao-Hsiung,Taiwan,1845000,N,120.3414841,22.67341614
Karachi,Pakistan,5300000,N,67.02999878,24.85000038
Khabarovsk,Russia,601000,N,135.0700073,48.52999878
Khartoum,Sudan,924000,Y,32.52999878,15.55000019
Kishinev,Moldova,665000,Y,28.82999992,47
Kobenhavn,Denmark,1685000,Y,12.55000019,55.72000122
Lagos,Nigeria,3800000,Y,3.299999952,6.449999809
Le Havre,France,254595,N,0.219999999,49.32402039
Libreville,Gabon,235700,Y,9.490456581,-0.504144549
Lilongwe,Malawi,233973,Y,33.81999969,-13.92000008
Lima,Peru,4344000,Y,-76.82355499,-12.06799603
Lisboa,Portugal,2250000,Y,-9.130000114,38.72999954
Liverpool,UK,1525000,N,-2.766836405,53.42268753
Lome,Togo,400000,Y,1.350000024,6.28000021
Los Angeles,US,9763600,N,-118.25,34
Luanda,Angola,1459900,Y,13.46177864,-9
Lumumbashi,Zaire,543268,N,27.54999924,-11.68000031
Lusaka,Zambia,535830,Y,28.17000008,-15.43000031
Malabo,Eq Guinea,30710,Y,8.819999695,3.644684792
Manila,Philippines,5474000,Y,121.1734085,14.55000019
Marseille,France,1225000,N,5.380000114,43.29999924
Masqat,Oman,50000,Y,58.62747955,23.51663971
Mazatlan,Mexico,199830,N,-106.2699966,23.36151123
Mombasa,Kenya,442369,N,39.66999817,-4.019999981
Monrovia,Liberia,465000,Y,-10.77000046,6.517439365
Montevideo,Uruguay,1550000,Y,-56.16999817,-34.91999817
Moskva,Russia,13100000,Y,37.70000076,55.75
Nairobi,Kenya,1286200,Y,36.83000183,-1.169999957
Napoli,Italy,2875000,N,14.27000046,40.83000183
New York,US,16472000,N,-74.09999847,40.75
Newark,US,329248,N,-74.19999695,40.72000122
Nouakchott,Mauritania,285000,Y,-15.78286076,18.03000069
Odense,Denmark,138400,N,9.902998924,55.57453537
Omdurman,Sudan,526287,N,32.47999954,15.61999989
Oran,Algeria,628558,N,-0.519999981,35.75
Oslo,Norway,720000,Y,10.72000027,59.93000031
Ouagadouou,Burkina Faso,441514,Y,-1.669999957,12.47999954
Palermo,Italy,723732,N,13.39999962,38.13000107
Panama,Panama,625000,Y,-79.40000153,8.949999809
Paramaribo,Suriname,241000,Y,-55.22999954,5.929999828
Perth,Australia,994472,N,115.9233704,-31.97586441
Port Moresby,Papua N Guin,152100,Y,147.4145203,-9.550000191
Porto,Portugal,1225000,N,-8.487948418,41.15000153
Qandahar,Afghanistan,203000,N,65.5,31.60000038
Quezon City,Philippines,1326035,N,121.0299988,14.64999962
Rabat,Morocco,980000,Y,-6.748040676,33.92019653
Reykjavik,Iceland,137941,Y,-21.3368206,64.31326294
Riga,Latvia,1005000,Y,24.04999924,56.88000107
Roma,Italy,3175000,Y,12.52000046,41.88000107
Salvador,Brazil,2050000,N,-38.47999954,-12.60025692
Shiraz,Iran,848289,N,52.56999969,29.62999916
Stockholm,Sweden,1449972,Y,18.08426857,59.24463272
Surabaja,Indonesia,2027913,N,112.6843719,-7.400000095
T`ai-nan,Taiwan,656927,N,120.2300034,23.17000008
Tampa,US,594500,N,-82.59302521,27.99735832
Tel Aviv-Yafo,Israel,1670000,Y,34.85683441,31.91719818
Thessaloniki,Greece,706180,N,22.79999924,40.63000107
Toshkent,Uzbekistan,2325000,Y,69.34986877,41.24793243
Tripoli,Lebanon,198000,N,36.00706863,34.34375763
Valparaiso,Chile,675000,N,-71.29933929,-32.90000153
Vancouver,Canada,1380729,N,-122.9630661,49.27429962
Vladivostok,Russia,648000,N,131.960434,43.13000107
Walvis Bay,South Africa,16607,N,14.61710453,-23.10186768
Windhoek,Namibia,114500,Y,17.10000038,-22.56999969
Wellington,New Zealand,350000,Y,175.1449432,-41.21039581
Seattle,US,2077100,N,-122.3166504,47.58855438
San Diego,US,2098500,N,-117.1254959,32.76145935
Iquique,Chile,110153,N,-69.91326141,-20.26000023
Abu Zaby,Untd Arab Em,242975,Y,54.61927032,24.23600769
San Cristobal,Venezuela,198793,N,-72.00545502,7.576601028
Astrakhan,Russia,509000,N,48,46.25
Ghadamis,Libya,-99,N,9.818350792,30.13860321
Salto,Uruguay,77400,N,-57.70877457,-31.30515289
Yellowknife,Canada,11753,N,-114.0613632,62.52061462
Hilo,US,43200,N,-155.0672913,19.71481514
Honolulu,US,762600,N,-157.8061829,21.32117653
Anchorage,US,184300,N,-149.1729736,61.18864822
Fairbanks,US,39900,N,-147.6511841,64.83874512
Juneau,US,19528,N,-134.1324768,58.39100647
San Jose,US,629400,N,-121.8474579,37.30810547
Chihuaha,Mexico,385603,N,-105.9666367,28.5581398
Veracruz,Mexico,385000,N,-96.08406067,19.00967598
Oaxaca,Mexico,154223,N,-96.94203949,16.92090607
Longyearbyen,Norway,-99,N,15.65999985,78.19999695
Hong Kong,UK,5395997,Y,114.1457062,22.42840576
Kowloon,UK,774781,N,114.2301178,22.37989616
Singapore,Singapore,3025000,N,104.1771164,1.229793549
